"","(Intercept)","continuous"
"cat0",0.261816998514421,-0.00979936885391963
"cat1",-0.27544978628279,0.0417701796753629
"cat2",0.0493098497915272,-0.257080807425204
"cat3",0.0102947793975862,0.201921012144206
"cat4",0.0962997774904507,-0.196817755067207
